scanfield,scandate
21111900TS000L1I,"2021-11-22 15:55:00"
21111900TS03XL1I,"2021-11-22 15:55:00"
2111190NKK00XL4I,"2021-11-22 15:57:00"
2111190NKK00XL4I,"2021-11-22 15:58:00"
21111900JK000L2I,"2021-11-22 15:59:00"
21111900JK03XL1I,"2021-11-22 15:59:00"
2111190TUI00001I,"2021-11-22 16:00:00"
2111190TUI00001I,"2021-11-22 16:00:00"
21111900TS000L1I,"2021-11-22 16:00:00"
21111900TS03XL1I,"2021-11-22 15:55:00"
21111900JK000L2I,"2021-11-22 15:59:00"
21111900JK03XL1I,"2021-11-22 15:59:00"
2111190TUI00001I,"2021-11-22 16:00:00"
2111190TUI00001I,"2021-11-22 16:00:00"
21111900AM002P1I,"2021-11-22 16:03:00"
21111900JK000M1I,"2021-11-22 16:04:00"
21111900JK00XL1I,"2021-11-22 16:07:00"
21111900JK02XL1I,"2021-11-22 16:07:00"
211119000N034L1I,"2021-11-22 16:08:00"
21111900AM002P2I,"2021-11-22 16:14:00"
21111900JK02XL1I,"2021-11-22 16:09:00"
2111190NKK000M1I,"2021-11-22 16:10:00"
211119TRUM000M1I,"2021-11-22 16:13:00"
2111190NKK00XL4I,"2021-11-22 16:13:00"
211119TRUM000M1I,"2021-11-22 16:13:00"
21111900KT00001I,"2021-11-22 16:14:00"
21111900AM002P2I,"2021-11-22 16:14:00"
211119000N034L2I,"2021-11-22 16:15:00"
211119TRUM000M1I,"2021-11-22 16:15:00"
211119TRUM000M1I,"2021-11-22 16:16:00"
2111190KDT00002I,"2021-11-22 16:16:00"
2111190NCK000L2I,"2021-11-22 16:17:00"
21111900JK000M1I,"2021-11-22 16:17:00"
21111900AM001P1I,"2021-11-22 16:18:00"
21111900AM002P2I,"2021-11-22 16:19:00"
21111900KT00001I,"2021-11-22 16:20:00"
211119TRUM000M1I,"2021-11-22 16:20:00"
2111190CDM00XL2I,"2021-11-22 16:21:00"
21111900TS000L1I,"2021-11-22 16:21:00"
21111900TS000L1I,"2021-11-22 16:21:00"
2111190NKK000L4I,"2021-11-22 16:22:00"
21111900JK00XL1I,"2021-11-22 16:22:00"
21111900JK000M1I,"2021-11-22 16:23:00"
21111900AM002P2I,"2021-11-22 16:23:00"
21111900JK000L2I,"2021-11-22 16:24:00"
21111900TS02XL2I,"2021-11-22 16:25:00"
2111190NCK00XL2I,"2021-11-22 16:25:00"
21111900TS03XL1I,"2021-11-23 16:32:24"
2111190NKK000L4I,"2021-11-23 16:32:53"
21111900AM001P1I,"2021-11-23 16:51:18"
21111900AM002P2I,"2021-11-23 17:04:21"
21111900AM002P2I,"2021-11-23 17:04:37"
2111190NKK000L4I,"2021-11-23 16:32:53"
21111900AM001P1I,"2021-11-23 16:51:18"
2111190TUI00001I,"2021-11-23 16:57:54"
21111900AM01PW1I,"2021-11-23 17:03:47"
21111900AM002P2I,"2021-11-23 17:04:21"
211119000N034L2I,"2021-11-24 13:49:06"
21111900TS000M1I,"2021-11-24 14:25:27"
21111900TS000M1I,"2021-11-24 14:25:28"
21111900TS000M1I,"2021-11-24 14:25:28"
21111900TS000M1I,"2021-11-24 14:26:53"
21111900AM001P1I,"2021-11-24 14:27:38"
21111900JK000M1I,"2021-11-24 14:27:29"
21111900AM01PW1I,"2021-11-24 14:28:13"
2111190TUI00001I,"2021-11-24 14:29:18"
2111190NCK00XL3I,"2021-11-24 14:29:57"
2111190NCK00XL3I,"2021-11-24 14:30:33"
21111900JK000L2I,"2021-11-25 13:56:04"
21111900JK03XL1I,"2021-11-25 17:23:53"
211119000N34XL2I,"2021-11-25 13:57:11"
21111900JK03XL4I,"2021-11-25 13:57:41"
21111900JK000L2I,"2021-11-25 13:57:59"
2111190NKK000M2I,"2021-11-25 13:58:59"
21111900TS000M1I,"2021-11-25 13:59:19"
21111900TS000M1I,"2021-11-26 10:20:31"
21111900TS000M1I,"2021-11-26 10:20:33"
2111190TUI00001I,"2021-11-26 10:20:40"
2111190NKK000M2I,"2021-11-26 10:21:54"
21111900AM001P1I,"2021-11-26 10:22:13"
21111900JK000M1I,"2021-11-26 10:23:32"
2111190NKK000M2I,"2021-11-26 10:32:23"
21111900AM001P1I,"2021-11-26 10:32:59"
21111900TS00XL1I,"2021-11-26 10:33:32"
21111900TS00XL1I,"2021-11-26 10:33:33"
21111900JK00XL9I,"2021-11-26 10:34:20"
2111190TUI00001I,"2021-11-26 10:35:01"
21111900JK000M1I,"2021-11-26 10:52:04"
21111900TS000M1I,"2021-11-26 10:52:44"
21111900TS000M1I,"2021-11-26 10:52:45"
21111900TS000M1I,"2021-11-26 10:52:46"
21111900AM01PW1I,"2021-11-26 10:53:16"
21111900KT00001I,"2021-11-26 10:53:33"
21111900KT00001I,"2021-11-26 10:53:35"
21111900KT00001I,"2021-11-26 10:53:36"
21111900KT00001I,"2021-11-26 10:53:37"
2111190NCK000L2I,"2021-11-26 10:54:01"
211119TRUM000M1I,"2021-11-26 10:54:16"
21111900KT00001I,"2021-11-26 10:54:57"
21111900KT00001I,"2021-11-26 10:54:58"
21111900KT00001I,"2021-11-26 10:55:00"
21111900KT00001I,"2021-11-26 10:55:01"
21111900JK03XL4I,"2021-11-26 10:55:22"
21111900JK00XL9I,"2021-11-26 10:55:53"
21111900TS000L1I,"2021-11-26 10:56:18"
2111190TUI00001I,"2021-11-26 10:56:37"
211119TRUM000M1I,"2021-11-29 14:06:00"
21111900TS000L1I,"2021-11-29 14:06:23"
2111190TUI00001I,"2021-11-29 14:06:47"
211119000N34XL2I,"2021-11-29 14:07:08"
21111900JK00XL9I,"2021-11-29 14:07:27"
21111900TS000L1I,"2021-11-29 14:08:00"
21111900JK000M1I,"2021-11-29 14:25:54"
21111900AM002P1I,"2021-11-29 14:26:11"
21111900JK02XL1I,"2021-11-29 14:26:58"
21111900JK00XL9I,"2021-11-29 14:27:11"
21111900JK03XL4I,"2021-11-29 14:27:27"
21111900JK000L2I,"2021-11-29 14:28:32"
2111190NKK000L4I,"2021-11-29 14:28:48"
2111190KDT00001I,"2021-11-29 14:46:44"
21111900KT00001I,"2021-11-29 14:47:00"
21111900KT00001I,"2021-11-29 14:47:00"
21111900KT00001I,"2021-11-29 14:47:00"
21111900KT00001I,"2021-11-29 14:47:00"
2111190TUI00001I,"2021-11-29 14:50:20"
2111190TUI00001I,"2021-11-29 14:50:39"
211119TRUM000M1I,"2021-11-29 14:50:55"
2111190NCK000L1I,"2021-11-29 15:23:10"
211119TRUM000M1I,"2021-11-29 15:23:21"
21111900AM002P1I,"2021-11-29 15:23:42"
21111900AM01PW1I,"2021-11-29 15:25:42"
2111190NCK000L1I,"2021-11-26 16:25:05"
2111190NCK000L1I,"2021-11-26 16:25:05"
2111190NCK000L1I,"2021-11-26 16:25:05"
2111190NCK000L1I,"2021-11-26 16:25:05"
2111190NCK000L1I,"2021-11-26 16:25:05"
2111190NCK000L1I,"2021-11-26 16:25:05"
2111190NCK000L1I,"2021-11-26 16:25:05"
2111190NCK000L1I,"2021-11-26 16:25:05"
2111190NCK000L1I,"2021-11-26 16:25:05"
2111190NCK000L1I,"2021-11-26 16:25:05"
2111190NCK000L1I,"2021-11-26 16:25:05"
2111190NCK000L1I,"2021-11-26 16:25:05"
2111190NCK000L1I,"2021-11-26 16:25:05"
2111190NCK000L1I,"2021-11-26 16:25:05"
2111190NCK000L1I,"2021-11-26 16:25:05"
2111190NCK000L1I,"2021-11-26 16:25:05"
2111190NCK000L1I,"2021-11-26 16:25:05"
2111190NCK000L1I,"2021-11-26 16:25:05"
2111190NCK000L1I,"2021-11-26 16:25:05"
2111190NCK000L1I,"2021-11-26 16:25:05"
2111190NCK000L1I,"2021-11-26 16:25:05"
2111190NCK000L1I,"2021-11-26 16:25:05"
2111190NCK000L1I,"2021-11-26 16:25:05"
2111190NCK000L1I,"2021-11-26 16:25:05"
2111190NCK000L1I,"2021-11-26 16:25:05"
2111190NCK000L1I,"2021-11-26 16:25:05"
2111190NCK000L1I,"2021-11-26 16:25:05"
2111190NCK000L1I,"2021-11-26 16:25:05"
2111190NCK000L1I,"2021-11-26 16:25:05"
2111190NCK000L1I,"2021-11-26 16:25:05"
2111190NCK000L1I,"2021-11-26 16:25:05"
2111190NCK000L1I,"2021-11-26 16:25:05"
2111190NCK000L1I,"2021-11-26 16:25:05"
2111190NCK000L1I,"2021-11-26 16:25:05"
2111190NCK000L1I,"2021-11-26 16:25:05"
2111190NCK000L1I,"2021-11-26 16:25:05"
2111190NCK000L1I,"2021-11-26 16:25:05"
2111190NCK000L1I,"2021-11-26 16:25:05"
2111190NCK000L1I,"2021-11-26 16:25:05"
2111190NCK000L1I,"2021-11-26 16:25:05"
2111190NCK000L1I,"2021-11-26 16:25:05"
2111190NCK000L1I,"2021-11-26 16:25:05"
2111190NCK000L1I,"2021-11-26 16:25:05"
2111190NCK000L1I,"2021-11-26 16:25:05"
2111190NCK000L1I,"2021-11-26 16:25:05"
2111190NCK000L1I,"2021-11-26 16:25:05"
2111190NCK000L1I,"2021-11-26 16:25:05"
2111190NCK000L1I,"2021-11-26 16:25:05"
2111190NCK000L1I,"2021-11-26 16:25:05"
2111190NCK000L1I,"2021-11-26 16:25:05"
2111190NCK000L1I,"2021-11-26 16:25:05"
2111190NCK000L1I,"2021-11-26 16:25:05"
2111190NCK000L1I,"2021-11-26 16:25:05"
2111190NCK000L1I,"2021-11-26 16:25:05"
2111190NCK000L1I,"2021-11-26 16:25:05"
2111190NCK000L1I,"2021-11-26 16:25:05"
2111190NCK000L1I,"2021-11-26 16:25:05"
2111190NCK000L1I,"2021-11-26 16:25:05"
2111190NCK000L1I,"2021-11-26 16:25:05"
2111190NCK000L1I,"2021-11-26 16:25:05"
2111190NCK000L1I,"2021-11-26 16:25:05"
2111190NCK000L1I,"2021-11-26 16:25:05"
2111190NCK000L1I,"2021-11-26 16:25:05"
2111190NCK000L1I,"2021-11-26 16:25:05"
2111190NCK000L1I,"2021-11-26 16:25:05"
2111190NCK000L1I,"2021-11-26 16:25:05"
2111190NCK000L1I,"2021-11-26 16:25:05"
2111190NCK000L1I,"2021-11-26 16:25:05"
2111190NCK000L1I,"2021-11-26 16:25:05"
2111190NCK000L1I,"2021-11-26 16:25:05"
2111190NCK000L1I,"2021-11-26 16:25:05"
2111190NCK000L1I,"2021-11-26 16:25:05"
2111190NCK000L1I,"2021-11-26 16:25:05"
2111190NCK000L1I,"2021-11-26 16:25:05"
2111190NCK000L1I,"2021-11-26 16:25:05"
2111190NCK000L1I,"2021-11-26 16:25:05"
2111190NCK000L1I,"2021-11-26 16:25:05"
2111190NCK000L1I,"2021-11-26 16:25:05"
2111190NCK000L1I,"2021-11-26 16:25:05"
2111190NCK000L1I,"2021-11-26 16:25:05"
2111190NCK000L1I,"2021-11-26 16:25:05"
2111190NCK000L1I,"2021-11-26 16:25:05"
2111190NCK000L1I,"2021-11-26 16:25:05"
2111190NCK000L1I,"2021-11-26 16:25:05"
2111190NCK000L1I,"2021-11-26 16:25:05"
2111190NCK000L1I,"2021-11-26 16:25:05"
2111190NCK000L1I,"2021-11-26 16:25:05"
2111190NCK000L1I,"2021-11-26 16:25:05"
2111190NCK000L1I,"2021-11-26 16:25:05"
2111190NCK000L1I,"2021-11-26 16:25:05"
2111190NCK00XL1I,"2021-11-26 16:31:21"
2111190NCK00XL1I,"2021-11-26 16:31:21"
2111190NCK00XL1I,"2021-11-26 16:31:21"
2111190NCK00XL1I,"2021-11-26 16:31:21"
2111190NCK00XL1I,"2021-11-26 16:31:21"
2111190NCK00XL1I,"2021-11-26 16:31:21"
2111190NCK00XL1I,"2021-11-26 16:31:21"
2111190NCK00XL1I,"2021-11-26 16:31:21"
2111190NCK00XL1I,"2021-11-26 16:31:21"
2111190NCK00XL1I,"2021-11-26 16:31:21"
2111190NCK00XL1I,"2021-11-26 16:31:21"
2111190NCK00XL1I,"2021-11-26 16:31:21"
2111190NCK00XL1I,"2021-11-26 16:31:21"
2111190NCK00XL1I,"2021-11-26 16:31:21"
2111190NCK00XL1I,"2021-11-26 16:31:21"
2111190NCK00XL1I,"2021-11-26 16:31:21"
2111190NCK00XL1I,"2021-11-26 16:31:21"
2111190NCK00XL1I,"2021-11-26 16:31:21"
2111190NCK00XL1I,"2021-11-26 16:31:21"
2111190NCK00XL1I,"2021-11-26 16:31:21"
2111190NCK00XL1I,"2021-11-26 16:31:21"
2111190NCK00XL1I,"2021-11-26 16:31:21"
2111190NCK00XL1I,"2021-11-26 16:31:21"
2111190NCK00XL1I,"2021-11-26 16:31:21"
2111190NCK00XL1I,"2021-11-26 16:31:21"
2111190NCK00XL1I,"2021-11-26 16:31:21"
2111190NCK00XL1I,"2021-11-26 16:31:21"
2111190NCK00XL1I,"2021-11-26 16:31:21"
2111190NCK00XL1I,"2021-11-26 16:31:21"
2111190NCK00XL1I,"2021-11-26 16:31:21"
2111190NCK00XL1I,"2021-11-26 16:31:21"
2111190NCK00XL1I,"2021-11-26 16:31:21"
2111190NCK00XL1I,"2021-11-26 16:31:21"
2111190NCK00XL1I,"2021-11-26 16:31:21"
2111190NCK00XL1I,"2021-11-26 16:31:21"
2111190NCK00XL1I,"2021-11-26 16:31:21"
2111190NCK00XL1I,"2021-11-26 16:31:21"
2111190NCK00XL1I,"2021-11-26 16:31:21"
2111190NCK00XL1I,"2021-11-26 16:31:21"
2111190NCK00XL1I,"2021-11-26 16:31:21"
2111190NCK00XL1I,"2021-11-26 16:31:21"
2111190NCK00XL1I,"2021-11-26 16:31:21"
2111190NCK00XL1I,"2021-11-26 16:31:21"
2111190NCK00XL1I,"2021-11-26 16:31:21"
2111190NCK00XL1I,"2021-11-26 16:31:21"
2111190NCK00XL1I,"2021-11-26 16:31:21"
2111190NCK00XL1I,"2021-11-26 16:31:21"
2111190NCK00XL1I,"2021-11-26 16:31:21"
2111190NCK00XL1I,"2021-11-26 16:31:21"
2111190NCK00XL1I,"2021-11-26 16:31:21"
2111190NCK00XL1I,"2021-11-26 16:31:21"
2111190NCK00XL1I,"2021-11-26 16:31:21"
2111190NCK00XL1I,"2021-11-26 16:31:21"
2111190NCK00XL1I,"2021-11-26 16:31:21"
2111190NCK00XL1I,"2021-11-26 16:31:21"
2111190NCK00XL1I,"2021-11-26 16:31:21"
2111190NCK00XL1I,"2021-11-26 16:31:21"
2111190NCK00XL1I,"2021-11-26 16:31:21"
2111190NCK00XL1I,"2021-11-26 16:31:21"
2111190NCK00XL1I,"2021-11-26 16:31:21"
2111190NCK00XL1I,"2021-11-26 16:31:21"
2111190NCK00XL1I,"2021-11-26 16:31:21"
2111190NCK00XL1I,"2021-11-26 16:31:21"
2111190NCK00XL1I,"2021-11-26 16:31:21"
2111190NCK00XL1I,"2021-11-26 16:31:21"
2111190NCK00XL1I,"2021-11-26 16:31:21"
2111190NCK00XL1I,"2021-11-26 16:31:21"
2111190NCK00XL1I,"2021-11-26 16:31:21"
2111190NCK00XL1I,"2021-11-26 16:31:21"
2111190NCK00XL1I,"2021-11-26 16:31:21"
2111190NCK00XL1I,"2021-11-26 16:31:21"
2111190NCK00XL1I,"2021-11-26 16:31:21"
2111190NCK00XL1I,"2021-11-26 16:31:21"
2111190NCK00XL1I,"2021-11-26 16:31:21"
2111190NCK00XL1I,"2021-11-26 16:31:21"
2111190NCK00XL1I,"2021-11-26 16:31:21"
2111190NCK00XL1I,"2021-11-26 16:31:21"
2111190NCK00XL1I,"2021-11-26 16:31:21"
2111190NCK00XL1I,"2021-11-26 16:31:21"
2111190NCK00XL1I,"2021-11-26 16:31:21"
2111190NCK00XL1I,"2021-11-26 16:31:21"
2111190NCK00XL1I,"2021-11-26 16:31:21"
2111190NCK00XL1I,"2021-11-26 16:31:21"
2111190NCK00XL1I,"2021-11-26 16:31:21"
2111190NCK00XL1I,"2021-11-26 16:31:21"
2111190NCK00XL1I,"2021-11-26 16:31:21"
2111190NCK00XL1I,"2021-11-26 16:31:21"
2111190NCK00XL1I,"2021-11-26 16:31:21"
2111190NCK00XL1I,"2021-11-26 16:31:21"
2111190NCK00XL1I,"2021-11-26 16:31:21"
2111190NCK00XL1I,"2021-11-26 16:31:21"
2111190NCK00XL1I,"2021-11-26 16:31:21"
2111190NCK00XL1I,"2021-11-26 16:31:21"
2111190NCK00XL1I,"2021-11-26 16:31:21"
2111190NCK00XL1I,"2021-11-26 16:31:21"
2111190NCK00XL1I,"2021-11-26 16:31:21"
2111190NCK00XL1I,"2021-11-26 16:31:21"
2111190NCK00XL1I,"2021-11-26 16:31:21"
2111190NCK00XL1I,"2021-11-26 16:31:21"
2111190NCK00XL1I,"2021-11-26 16:31:21"
2111190NCK00XL1I,"2021-11-26 16:31:21"
2111190NCK00XL1I,"2021-11-26 16:31:21"
2111190NCK00XL1I,"2021-11-26 16:31:21"
2111190NCK00XL1I,"2021-11-26 16:31:21"
2111190NCK00XL1I,"2021-11-26 16:31:21"
2111190NCK00XL1I,"2021-11-26 16:31:21"
2111190NCK00XL1I,"2021-11-26 16:31:21"
2111190NCK00XL1I,"2021-11-26 16:31:21"
2111190NCK00XL1I,"2021-11-26 16:31:21"
2111190NCK00XL1I,"2021-11-26 16:31:21"
2111190NCK00XL1I,"2021-11-26 16:31:21"
2111190NCK00XL1I,"2021-11-26 16:31:21"
2111190NCK00XL1I,"2021-11-26 16:31:21"
2111190NCK00XL1I,"2021-11-26 16:31:21"
2111190NCK00XL1I,"2021-11-26 16:31:21"
2111190NCK00XL1I,"2021-11-26 16:31:21"
2111190NCK00XL1I,"2021-11-26 16:31:21"
2111190NCK00XL1I,"2021-11-26 16:31:21"
2111190NCK00XL1I,"2021-11-26 16:31:21"
2111190NCK00XL1I,"2021-11-26 16:31:21"
21111900KT00001I,"2021-11-26 10:55:00"
21111900KT00001I,"2021-11-26 10:55:01"
21111900TS000M1I,"2021-11-30 11:34:45"
21111900TS000M1I,"2021-11-30 11:34:45"
21111900TS000M1I,"2021-11-30 11:34:46"
2111190NKK000M3I,"2021-11-30 11:35:02"
21111900JK000L2I,"2021-11-30 11:35:33"
2111190NKK000M3I,"2021-11-30 11:36:22"
21111900TS000M1I,"2021-11-30 11:36:30"
21111900TS000M1I,"2021-11-30 11:36:31"
21111900TS03XL1I,"2021-11-30 11:36:56"
21111900TS03XL1I,"2021-11-30 11:36:57"
211119TRUM000M2I,"2021-11-30 11:37:09"
211119TRUM000M2I,"2021-11-30 11:37:18"
21111900AM002P1I,"2021-11-30 11:37:30"
21111900AM002P1I,"2021-11-30 11:51:49"
21111900AM002P1I,"2021-11-30 11:51:36"
21111900JK00XL9I,"2021-12-01 11:01:40"
21111900JK00XL9I,"2021-12-01 11:01:41"
21111900TS00XL1I,"2021-12-01 11:02:01"
21111900TS00XL1I,"2021-12-01 11:02:02"
21111900TS00XL1I,"2021-12-01 11:02:03"
21111900TS00XL1I,"2021-12-01 11:02:05"
2111190TUI00001I,"2021-12-01 11:02:14"
2111190TUI00001I,"2021-12-01 11:02:15"
21111900AM001P1I,"2021-12-01 11:02:31"
21111900AM001P1I,"2021-12-01 11:02:32"
2111190NKK000M3I,"2021-12-01 11:02:43"
2111190NKK000L4I,"2021-12-01 11:02:45"
211119000N034L2I,"2021-12-01 11:03:37"
21111900KT00001I,"2021-12-01 11:04:21"
21111900KT00001I,"2021-12-01 11:03:56"
21111900KT00001I,"2021-12-01 11:03:56"
21111900KT00001I,"2021-12-01 11:03:56"
21111900KT00001I,"2021-12-01 11:03:56"
21111900KT00001I,"2021-12-01 11:03:56"
21111900KT00001I,"2021-12-01 11:03:56"
21111900KT00001I,"2021-12-01 11:03:56"
21111900AM002P1I,"2021-12-01 11:04:31"
21111900AM002P1I,"2021-12-01 11:04:50"
21111900JK000M1I,"2021-12-01 11:05:14"
211119TRUM000M2I,"2021-12-01 11:05:40"
2111190TUI00001I,"2021-12-01 11:05:44"
21111900AM001P1I,"2021-12-01 11:06:01"
21111900JK000M1I,"2021-12-02 13:48:49"
21111900TS000M1I,"2021-12-02 13:49:43"
21111900TS000M1I,"2021-12-02 13:49:44"
2111190NKK000M3I,"2021-12-02 13:50:18"
21111900AM001P1I,"2021-12-02 13:50:40"
2111190TUI00001I,"2021-12-02 14:22:48"
2111190TUI00001I,"2021-12-02 14:22:50"
21111900AM001P1I,"2021-12-02 14:22:53"
211119000N34XL1I,"2021-12-02 14:23:15"
21111900JK02XL1I,"2021-12-02 14:23:33"
21111900JK000M3I,"2021-12-02 14:23:44"
2111190KDT00001I,"2021-12-02 14:23:55"
211119TRUM000M2I,"2021-12-02 14:25:15"
2111190TUI00001I,"2021-12-02 14:25:47"
2111190TUI00001I,"2021-12-02 14:25:51"
211119000N034L2I,"2021-12-02 14:26:12"
2111190TUI00001I,"2021-12-02 14:26:17"
21111900JK000L2I,"2021-12-02 14:26:51"
21111900JK000M1I,"2021-12-02 14:27:13"
211119000N34XL2I,"2021-12-03 09:51:36"
21111900JK000M1I,"2021-12-03 10:27:42"
21111900JK000M3I,"2021-12-03 10:28:07"
21111900TS000M1I,"2021-12-03 10:30:07"
21111900TS000M2I,"2021-12-03 10:28:25"
2111190TUI00001I,"2021-12-03 10:28:36"
21111900AM001P1I,"2021-12-03 10:28:50"
2111190NKK000M3I,"2021-12-03 10:29:05"
21111900JK00XL9I,"2021-12-03 10:33:04"
21111900TS000L4I,"2021-12-03 10:33:21"
21111900TS000L4I,"2021-12-03 10:33:22"
2111190NKK000L4I,"2021-12-03 10:33:32"
2111190TUI00001I,"2021-12-03 10:33:45"
21111900AM001P1I,"2021-12-03 10:33:58"
21111900AM001P1I,"2021-12-03 10:34:12"
21111900JK000M3I,"2021-12-03 10:34:27"
2111190NKK000M3I,"2021-12-03 10:34:37"
21111900TS000M2I,"2021-12-03 10:34:46"
21111900TS000M2I,"2021-12-03 10:34:46"
2111190TUI00001I,"2021-12-03 10:34:57"
2111190TUI00001I,"2021-12-03 10:35:06"
21111900TS000M2I,"2021-12-03 10:35:08"
21111900TS000M2I,"2021-12-03 10:35:09"
21111900AM001P1I,"2021-12-03 10:35:18"
21111900JK000M3I,"2021-12-03 10:35:23"
2111190NKK000M3I,"2021-12-03 10:35:32"
2111190NCK000L1I,"2021-12-03 10:40:20"
21111900AM002P1I,"2021-12-03 10:37:45"
2111190KDT00001I,"2021-12-03 10:38:11"
21111900KT00001I,"2021-12-03 10:38:21"
21111900KT00001I,"2021-12-03 10:38:22"
21111900KT00001I,"2021-12-03 10:38:23"
21111900KT00001I,"2021-12-03 10:38:24"
21111900JK000M3I,"2021-12-03 10:38:34"
2111190TUI00001I,"2021-12-03 10:38:47"
21111900TS00XL4I,"2021-12-03 10:38:59"
21111900JK00XL9I,"2021-12-03 10:39:08"
2111190NKK000L4I,"2021-12-03 14:57:07"
2111190NKK000L4I,"2021-12-03 14:57:08"
211119TRUM000M2I,"2021-12-03 14:57:21"
211119TRUM000M2I,"2021-12-03 14:57:22"
21111900AM01PW1I,"2021-12-03 14:57:50"
21111900AM01PW1I,"2021-12-03 14:57:50"
21111900AM01PW1I,"2021-12-03 14:57:52"
21111900AM001P1I,"2021-12-03 14:57:53"
21111900AM001P1I,"2021-12-03 14:57:54"
21111900AM001P1I,"2021-12-03 14:57:56"
21111900AM001P1I,"2021-12-03 14:57:57"
21111900JK000M3I,"2021-12-03 14:58:44"
21111900JK000M3I,"2021-12-03 14:58:45"
21111900JK00XL9I,"2021-12-03 14:58:50"
21111900JK00XL9I,"2021-12-03 14:58:51"
2111190TUI00001I,"2021-12-06 14:01:16"
211119000N034L2I,"2021-12-06 13:59:41"
21111900TS03XL2I,"2021-12-06 13:59:54"
21111900TS03XL2I,"2021-12-06 13:59:54"
21111900JK00XL9I,"2021-12-06 14:01:25"
21111900TS00XL4I,"2021-12-06 14:01:48"
21111900TS00XL4I,"2021-12-06 14:01:40"
21111900TS00XL4I,"2021-12-06 14:01:40"
2111190NKK000M3I,"2021-12-06 14:02:23"
2111190TUI00001I,"2021-12-06 14:02:36"
21111900TS03XL2I,"2021-12-06 14:04:59"
21111900TS03XL2I,"2021-12-06 14:04:59"
21111900JK03XL4I,"2021-12-06 14:05:23"
21111900AM001P1I,"2021-12-06 14:05:41"
2111190TUI00001I,"2021-12-06 14:05:48"
2111190NKK000L4I,"2021-12-06 14:05:56"
21111900TS02XL2I,"2021-12-06 14:06:25"
21111900JK02XL1I,"2021-12-06 14:06:44"
21111900AM001P1I,"2021-12-06 14:07:00"
2111190TUI00001I,"2021-12-06 14:07:05"
2111190NKK000L4I,"2021-12-06 14:07:17"
2111190NKK000L4I,"2021-12-06 14:07:39"
21111900TS000L4I,"2021-12-06 14:07:49"
21111900TS000L4I,"2021-12-06 14:07:50"
21111900JK000L2I,"2021-12-06 14:08:43"
21111900AM001P1I,"2021-12-06 14:08:57"
2111190TUI00001I,"2021-12-06 14:09:04"
2111190TUI00001I,"2021-12-06 14:40:15"
21111900TS000L4I,"2021-12-06 14:40:24"
21111900TS000L4I,"2021-12-06 14:40:24"
2111190NKK000M3I,"2021-12-06 14:40:44"
21111900AM001P1I,"2021-12-06 14:40:59"
21111900JK000L6I,"2021-12-06 14:41:12"
2111190NCK00XL3I,"2021-12-07 14:02:33"
2111190NCK00XL3I,"2021-12-07 14:03:00"
2111190NCK000L1I,"2021-12-07 14:03:02"
2111190NKK000M3I,"2021-12-07 14:03:20"
2111190TUI00001I,"2021-12-07 14:03:53"
2111190TUI00001I,"2021-12-07 14:04:02"
21111900JK00XL9I,"2021-12-07 14:04:19"
21111900AM001P1I,"2021-12-07 14:13:11"
21111900AM001P1I,"2021-12-07 14:13:11"
21111900AM001P1I,"2021-12-07 14:13:11"
21111900AM001P1I,"2021-12-07 14:13:11"
21111900AM001P1I,"2021-12-07 14:13:11"
21111900AM001P1I,"2021-12-07 14:13:11"
21111900AM001P1I,"2021-12-07 14:13:11"
21111900AM001P1I,"2021-12-07 14:13:11"
21111900AM001P2I,"2021-12-07 14:13:11"
2111190TUI00001I,"2021-12-07 14:13:51"
2111190TUI00001I,"2021-12-07 14:13:51"
2111190TUI00001I,"2021-12-07 14:13:51"
2111190TUI00001I,"2021-12-07 14:13:51"
2111190TUI00001I,"2021-12-07 14:13:51"
2111190TUI00001I,"2021-12-07 14:13:51"
2111190TUI00001I,"2021-12-07 14:13:51"
2111190TUI00001I,"2021-12-07 14:13:51"
2111190TUI00001I,"2021-12-07 14:13:51"
21111900TS000M2I,"2021-12-07 14:14:30"
21111900TS000M2I,"2021-12-07 14:14:30"
21111900JK000M3I,"2021-12-07 14:14:45"
2111190NKK000M3I,"2021-12-07 14:15:00"
21111900JK00XL9I,"2021-12-07 14:15:27"
2111190NKK000L4I,"2021-12-07 14:15:54"
2111190NKK000M3I,"2021-12-07 14:16:11"
21111900TS000L4I,"2021-12-07 14:16:27"
21111900TS000L4I,"2021-12-07 14:16:28"
21111900JK00XL9I,"2021-12-07 14:17:08"
2111190NKK000M3I,"2021-12-07 14:18:08"
21111900TS000M2I,"2021-12-07 14:18:39"
21111900TS000M2I,"2021-12-07 14:18:40"
21111900JK000L6I,"2021-12-07 14:18:57"
21111900JK000L6I,"2021-12-07 14:19:13"
2111190NKK000L4I,"2021-12-07 14:19:20"
21111900TS000L4I,"2021-12-07 14:19:25"
21111900TS000L4I,"2021-12-07 14:19:25"
21111900JK000L6I,"2021-12-07 14:22:57"
21111900TS000M2I,"2021-12-07 14:23:15"
21111900TS000M2I,"2021-12-07 14:23:15"
2111190NKK000M3I,"2021-12-07 14:23:30"
21111900TS02XL2I,"2021-12-07 14:24:01"
21111900TS02XL2I,"2021-12-07 14:24:01"
2111190NKK000L3I,"2021-12-07 14:24:13"
21111900JK02XL1I,"2021-12-07 14:24:30"
21111900JK000L6I,"2021-12-07 14:24:45"
21111900TS000L4I,"2021-12-07 14:24:52"
21111900TS000L4I,"2021-12-07 14:24:53"
2111190NKK000L3I,"2021-12-07 14:25:02"
2111190NKK000M3I,"2021-12-07 14:25:21"
21111900TS000M2I,"2021-12-07 14:25:40"
21111900TS000M2I,"2021-12-07 14:25:33"
21111900JK000M3I,"2021-12-07 14:25:51"
21111900AM001P2I,"2021-12-08 10:06:49"
21111900AM001P2I,"2021-12-08 10:05:32"
21111900AM001P2I,"2021-12-08 10:05:32"
21111900AM001P2I,"2021-12-08 10:05:32"
21111900AM001P2I,"2021-12-08 10:05:32"
2111190TUI00001I,"2021-12-08 10:06:03"
2111190TUI00001I,"2021-12-08 10:05:44"
2111190TUI00001I,"2021-12-08 10:05:44"
2111190TUI00001I,"2021-12-08 10:05:44"
2111190TUI00001I,"2021-12-08 10:05:44"
21111900JK000L6I,"2021-12-08 10:07:06"
21111900TS000L4I,"2021-12-08 10:07:14"
21111900TS000L4I,"2021-12-08 10:09:53"
2111190NKK000M3I,"2021-12-08 10:07:25"
2111190NKK000M3I,"2021-12-08 10:08:00"
21111900TS00XL4I,"2021-12-08 10:08:21"
21111900TS00XL4I,"2021-12-08 10:08:22"
21111900JK00XL9I,"2021-12-08 10:08:38"
21111900JK00XL9I,"2021-12-08 10:08:58"
2111190NKK000L4I,"2021-12-08 10:09:08"
21111900TS00XL4I,"2021-12-08 10:10:19"
21111900TS00XL4I,"2021-12-08 10:10:20"
2111190NKK000L4I,"2021-12-08 10:10:41"
21111900TS000L4I,"2021-12-08 10:10:44"
21111900TS000L4I,"2021-12-08 10:10:44"
21111900JK000L6I,"2021-12-08 10:10:54"
21111900JK000M3I,"2021-12-08 10:11:14"
21111900TS000M2I,"2021-12-08 10:11:37"
21111900TS000M2I,"2021-12-08 10:11:38"
2111190NKK000M3I,"2021-12-08 10:11:51"
21111900TS000L4I,"2021-12-08 13:34:07"
21111900JK000L6I,"2021-12-08 13:34:29"
2111190NCK000L1I,"2021-12-08 13:35:36"
211119TRUM000M2I,"2021-12-08 13:35:50"
21111900TS02XL2I,"2021-12-08 13:36:00"
21111900TS02XL2I,"2021-12-08 13:36:01"
21111900AM001P2I,"2021-12-08 14:59:55"
21111900AM001P2I,"2021-12-08 15:00:06"
21111900AM001P2I,"2021-12-08 15:00:06"
21111900AM001P2I,"2021-12-08 15:00:06"
21111900AM001P2I,"2021-12-08 15:00:06"
21111900AM001P2I,"2021-12-08 15:00:06"
21111900AM001P2I,"2021-12-08 15:00:06"
21111900AM001P2I,"2021-12-08 15:00:06"
21111900AM001P2I,"2021-12-08 15:00:06"
21111900AM001P2I,"2021-12-08 15:00:06"
21111900AM001P2I,"2021-12-08 15:00:06"
21111900AM001P2I,"2021-12-08 15:00:06"
21111900AM001P2I,"2021-12-08 15:00:06"
21111900AM001P2I,"2021-12-08 15:00:06"
21111900AM001P2I,"2021-12-08 15:00:06"
2111190NKK000L4I,"2021-12-09 10:14:29"
2111190NKK000L4I,"2021-12-09 10:14:30"
21111900TS000L4I,"2021-12-09 10:14:35"
21111900TS000L4I,"2021-12-09 10:14:35"
21111900TS000L4I,"2021-12-09 10:14:36"
21111900TS000L4I,"2021-12-09 10:14:38"
21111900AM001P2I,"2021-12-09 10:14:47"
21111900AM001P2I,"2021-12-09 10:14:48"
21111900JK000L6I,"2021-12-09 10:14:54"
21111900JK000L6I,"2021-12-09 10:14:55"
2111190TUI00001I,"2021-12-09 10:15:01"
2111190TUI00001I,"2021-12-09 10:15:02"
2111190TUI00001I,"2021-12-09 10:15:03"
2111190NKK00XL9I,"2021-12-09 10:16:04"
2111190NCK00XL3I,"2021-12-09 10:16:08"
21111900JK000M3I,"2021-12-09 10:16:25"
2111190NKK000L3I,"2021-12-10 09:38:03"
21111900AM001P2I,"2021-12-10 09:38:05"
21111900TS000L4I,"2021-12-10 09:38:10"
21111900TS000L4I,"2021-12-10 09:38:11"
21111900JK000L6I,"2021-12-10 09:38:19"
21111900JK000L6I,"2021-12-10 09:49:19"
21111900TS000L4I,"2021-12-10 09:49:31"
21111900TS000L4I,"2021-12-10 09:49:34"
21111900AM001P2I,"2021-12-10 09:49:37"
2111190NKK000L3I,"2021-12-10 09:49:40"
2111190TUI00001I,"2021-12-10 09:50:21"
2111190TUI00001I,"2021-12-10 09:50:16"
21111900AM001P2I,"2021-12-10 13:05:26"
2111190NKK000L3I,"2021-12-10 13:05:32"
21111900TS000L4I,"2021-12-10 13:05:38"
21111900TS000L4I,"2021-12-10 13:05:38"
21111900JK00XL9I,"2021-12-10 13:05:41"
2111190TUI00001I,"2021-12-10 13:05:50"
21111900AM001P2I,"2021-12-10 13:10:28"
21111900TS000L4I,"2021-12-10 13:10:30"
21111900TS000L4I,"2021-12-10 13:10:31"
21111900JK000L6I,"2021-12-10 13:10:38"
2111190NKK000L3I,"2021-12-10 13:10:41"
2111190TUI00001I,"2021-12-10 13:10:58"
21111900JK000L6I,"2021-12-10 13:10:38"
21111900TS02XL6I,"2021-12-10 13:10:38"
21111900TS000L4I,"2021-12-10 13:10:41"
21111900TS000L4I,"2021-12-10 13:10:58"
21111900TS000M2I,"2021-12-10 13:10:58"
211119TRUM000M2I,"2021-12-10 13:10:58"
21111900JK000M13I,"2021-12-13 13:30:40"
21111900TS000M2I,"2021-12-13 13:30:44"
21111900TS000M2I,"2021-12-13 13:30:45"
2111190TUI00001I,"2021-12-13 13:30:59"
2111190NKK000L3I,"2021-12-13 13:31:03"
21111900AM001P2I,"2021-12-13 13:31:45"
21111900JK000L6I,"2021-12-13 13:38:10"
21111900TS000L4I,"2021-12-13 13:38:11"
21111900TS000L4I,"2021-12-13 13:38:16"
2111190NKK000L3I,"2021-12-13 13:38:20"
2111190TUI00001I,"2021-12-13 13:38:22"
21111900AM001P2I,"2021-12-13 13:38:29"
2111190TUI00001I,"2021-12-13 13:42:56"
21111900JK000L6I,"2021-12-13 13:42:59"
21111900AM001P2I,"2021-12-13 13:43:06"
21111900TS000L4I,"2021-12-13 13:43:09"
21111900TS000L4I,"2021-12-13 13:43:10"
2111190NKK000L3I,"2021-12-13 13:43:13"
2111190TUI00001I,"2021-12-13 13:47:33"
21111900AM001P2I,"2021-12-13 13:48:01"
21111900TS00XL4I,"2021-12-13 13:48:05"
21111900TS00XL4I,"2021-12-13 13:48:05"
21111900JK00XL9I,"2021-12-13 13:48:10"
2111190NKK000L3I,"2021-12-13 13:48:15"
2111190TUI00001I,"2021-12-13 13:55:10"
21111900TS000L3I,"2021-12-13 13:55:35"
21111900TS000L3I,"2021-12-13 13:55:36"
21111900JK000L6I,"2021-12-13 13:55:44"
21111900AM001P2I,"2021-12-13 13:55:48"
2111190NKK000L3I,"2021-12-13 13:55:52"
2111190NCK000L1I,"2021-12-13 14:06:01"
2111190TUI00001I,"2021-12-13 14:09:48"
2111190NKK000M3I,"2021-12-13 14:11:40"
21111900TS00XL4I,"2021-12-13 14:18:01"
21111900JK00XL9I,"2021-12-13 14:18:06"
21111900KT00001I,"2021-12-13 14:20:51"
21111900KT00001I,"2021-12-13 14:20:51"
21111900KT00001I,"2021-12-13 14:20:52"
21111900KT00001I,"2021-12-13 14:20:53"
2111190TUI00001I,"2021-12-13 14:20:56"
21111900JK02XL3I,"2021-12-14 11:41:05"
21111900JK02XL3I,"2021-12-14 11:41:08"
2111190TUI00001I,"2021-12-14 13:18:24"
21111900AM001P2I,"2021-12-14 13:18:52"
21111900TS000L3I,"2021-12-14 13:18:59"
21111900TS000L3I,"2021-12-14 13:19:03"
21111900JK000L6I,"2021-12-14 13:19:08"
2111190NKK000L3I,"2021-12-14 13:19:14"
21111900JK02XL1I,"2021-12-14 13:25:55"
21111900TS000M2I,"2021-12-14 13:25:58"
21111900TS000M2I,"2021-12-14 13:26:00"
2111190NKK000M3I,"2021-12-14 13:28:33"
21111900AM002P1I,"2021-12-14 13:38:01"
211119TRUM000M2I,"2021-12-14 13:38:02"
2111190NCK000L1I,"2021-12-14 13:44:15"
21111900JK03XL4I,"2021-12-14 13:44:19"
2111190TUI00001I,"2021-12-14 14:21:25"
21111900AM001P2I,"2021-12-14 14:21:54"
21111900TS000L3I,"2021-12-14 14:21:59"
21111900TS000L3I,"2021-12-14 14:22:05"
2111190NKK000L3I,"2021-12-14 14:22:09"
2111190TUI00001I,"2021-12-14 14:26:35"
21111900JK000L3I,"2021-12-14 14:27:09"
21111900AM001P2I,"2021-12-14 14:27:16"
2111190NKK000M3I,"2021-12-14 14:27:20"
21111900AM001P2I,"2021-12-14 14:30:49"
21111900TS00XL4I,"2021-12-14 14:30:57"
21111900TS00XL4I,"2021-12-14 14:31:04"
21111900JK00XL9I,"2021-12-14 14:31:10"
2111190NKK000L3I,"2021-12-14 14:31:17"
21111900TS000L3I,"2021-12-14 14:34:10"
21111900TS000L3I,"2021-12-14 14:31:17"
2111190TUI00001I,"2021-12-15 13:36:48"
21111900AM001P2I,"2021-12-15 13:37:18"
21111900TS000M2I,"2021-12-15 13:37:25"
21111900TS000M2I,"2021-12-15 13:37:26"
21111900JK000M13I,"2021-12-15 13:37:31"
2111190NKK000M3I,"2021-12-15 13:37:38"
2111190NKK000M3I,"2021-12-15 13:42:28"
2111190TUI00001I,"2021-12-15 13:42:38"
21111900JK000L3I,"2021-12-16 13:29:36"
2111190TUI00001I,"2021-12-16 13:37:37"
21111900AM001P2I,"2021-12-16 13:38:07"
21111900TS00XL4I,"2021-12-16 13:38:12"
21111900TS00XL4I,"2021-12-16 13:38:13"
21111900JK00XL9I,"2021-12-16 13:38:20"
2111190NKK000L3I,"2021-12-16 13:38:26"
21111900AM001P2I,"2021-12-16 13:42:56"
21111900JK00XL9I,"2021-12-16 13:43:03"
21111900TS000L3I,"2021-12-16 13:43:10"
21111900TS000L3I,"2021-12-16 13:43:10"
2111190NKK000M3I,"2021-12-16 13:43:16"
2111190TUI00001I,"2021-12-16 13:45:08"
2111190TUI00001I,"2021-12-16 13:46:56"
21111900AM001P2I,"2021-12-16 13:47:17"
21111900TS000M2I,"2021-12-16 13:47:24"
21111900TS000M2I,"2021-12-16 13:47:25"
21111900JK000L3I,"2021-12-16 13:47:31"
2111190NKK000M3I,"2021-12-16 13:47:38"
2111190TUI00001I,"2021-12-16 13:51:53"
21111900AM001P2I,"2021-12-16 13:52:21"
21111900JK000L3I,"2021-12-16 13:52:35"
2111190NKK000M3I,"2021-12-16 13:52:40"
21111900TS000L3I,"2021-12-16 13:53:53"
21111900TS000L3I,"2021-12-16 13:53:54"
2111190TUI00001I,"2021-12-16 14:00:25"
21111900AM001P2I,"2021-12-16 14:01:06"
21111900TS000L3I,"2021-12-16 14:01:11"
21111900TS000L3I,"2021-12-16 14:01:13"
21111900JK000L3I,"2021-12-16 14:01:19"
2111190NKK000L3I,"2021-12-16 14:01:25"
2111190TUI00001I,"2021-12-16 14:04:54"
21111900AM001P2I,"2021-12-16 14:05:30"
21111900TS000L3I,"2021-12-16 14:05:34"
21111900TS000L3I,"2021-12-16 14:05:34"
21111900JK000L3I,"2021-12-16 14:05:42"
2111190NKK000L3I,"2021-12-16 14:05:46"
2111190TUI00001I,"2021-12-16 14:10:46"
21111900AM001P2I,"2021-12-16 14:11:21"
21111900TS000M2I,"2021-12-16 14:11:25"
21111900TS000M2I,"2021-12-16 14:11:26"
21111900JK000M13I,"2021-12-16 14:11:32"
21111900JK000M13I,"2021-12-16 14:14:41"
21111900TS000M2I,"2021-12-16 14:16:17"
21111900TS000M2I,"2021-12-16 14:16:17"
2111190NKK000L3I,"2021-12-16 14:25:37"
2111190TUI00001I,"2021-12-17 11:38:03"
21111900AM001P2I,"2021-12-17 09:46:36"
21111900TS000M2I,"2021-12-17 09:46:40"
21111900TS000M2I,"2021-12-17 09:46:43"
21111900JK000L3I,"2021-12-17 09:46:47"
2111190NKK000M3I,"2021-12-17 09:46:53"
2111190TUI00001I,"2021-12-17 09:53:54"
21111900AM001P2I,"2021-12-17 09:54:26"
21111900TS00XL4I,"2021-12-17 09:54:33"
21111900TS00XL4I,"2021-12-17 09:54:33"
21111900JK00XL9I,"2021-12-17 09:54:42"
2111190NKK000L3I,"2021-12-17 09:54:46"
2111190TUI00001I,"2021-12-17 09:58:27"
21111900AM001P2I,"2021-12-17 09:58:54"
21111900TS000L3I,"2021-12-17 09:59:02"
21111900TS000L3I,"2021-12-17 09:59:03"
21111900JK000L3I,"2021-12-17 09:59:13"
2111190NKK000M3I,"2021-12-17 09:59:37"
2111190TUI00001I,"2021-12-17 10:03:50"
21111900AM001P2I,"2021-12-17 10:04:44"
21111900TS000L3I,"2021-12-17 10:05:04"
21111900TS000L3I,"2021-12-17 10:05:05"
21111900JK000L3I,"2021-12-17 10:05:05"
2111190NKK000L3I,"2021-12-17 10:05:09"
2111190TUI00001I,"2021-12-17 10:20:30"
21111900TS000L3I,"2021-12-17 10:21:15"
21111900TS000L3I,"2021-12-17 10:21:15"
21111900JK000L3I,"2021-12-17 10:21:23"
2111190NKK000M3I,"2021-12-17 10:21:31"
21111900AM001P2I,"2021-12-17 10:27:01"
2111190TUI00001I,"2021-12-17 10:27:14"
21111900TS000L3I,"2021-12-17 10:28:19"
21111900TS000L3I,"2021-12-17 10:28:20"
21111900JK00XL9I,"2021-12-17 10:28:25"
2111190NKK000L3I,"2021-12-17 10:28:31"
21111900AM001P2I,"2021-12-17 10:29:00"
2111190TUI00001I,"2021-12-17 10:32:49"
21111900TS000L3I,"2021-12-17 10:33:29"
21111900TS000L3I,"2021-12-17 10:33:30"
21111900JK000L3I,"2021-12-17 10:33:36"
2111190NKK000L3I,"2021-12-17 10:33:42"
21111900AM001P2I,"2021-12-17 10:37:04"
2111190TUI00001I,"2021-12-17 10:37:20"
21111900JK00XL9I,"2021-12-17 10:37:44"
21111900TS00XL4I,"2021-12-17 10:37:53"
21111900TS00XL4I,"2021-12-17 10:37:54"
21111900AM001P2I,"2021-12-17 10:39:05"
2111190TUI00001I,"2021-12-17 10:42:21"
21111900AM001P2I,"2021-12-17 10:42:52"
21111900TS000M2I,"2021-12-17 10:43:02"
21111900TS000M2I,"2021-12-17 10:43:02"
21111900JK000M13I,"2021-12-17 10:43:09"
2111190NKK000M3I,"2021-12-17 10:43:18"
2111190TUI00001I,"2021-12-17 10:59:30"
21111900AM001P2I,"2021-12-17 10:59:58"
21111900TS000L3I,"2021-12-17 11:00:04"
21111900TS000L3I,"2021-12-17 11:00:05"
21111900JK000L3I,"2021-12-17 11:00:11"
2111190NKK000L3I,"2021-12-17 11:04:54"
2111190TUI00001I,"2021-12-17 13:41:10"
21111900AM001P2I,"2021-12-17 13:41:10"
21111900TS000L3I,"2021-12-17 13:41:10"
21111900TS000L3I,"2021-12-17 13:41:10"
21111900JK03XL4I,"2021-12-17 13:41:10"
2111190NKK000L3I,"2021-12-17 13:41:10"
21111900JK03XL4I,"2021-12-17 11:05:23"
2111190TUI00001I,"2021-12-17 11:08:33"
21111900TS02XL1I,"2021-12-17 11:10:05"
21111900TS02XL1I,"2021-12-17 11:10:06"
21111900TS03XL2I,"2021-12-17 13:05:09"
21111900JK03XL4I,"2021-12-17 13:05:10"
211119TRUM000M2I,"2021-12-17 13:08:40"
2111190NCK000L1I,"2021-12-17 13:08:57"
2111190NCK000L1I,"2021-12-17 13:15:38"
2111190KDT00001I,"2021-12-17 13:15:40"
2111190KDT00001I,"2021-12-17 13:15:41"
211119TRUM000M2I,"2021-12-17 13:15:43"
21111900TS000M2I,"2021-12-17 13:19:39"
21111900TS000M2I,"2021-12-17 13:19:39"
2111190NCK000L1I,"2021-12-17 13:19:41"
21111900AM01PW1I,"2021-12-17 13:23:16"
21111900AM01PW1I,"2021-12-17 13:23:23"
21111900JK000L3I,"2021-12-17 13:23:31"
211119000N34XL1I,"2021-12-17 13:27:48"
2111190TUI00001I,"2021-12-20 10:22:47"
21111900AM001P2I,"2021-12-20 10:23:11"
21111900TS00XL4I,"2021-12-20 10:23:18"
21111900TS00XL4I,"2021-12-20 10:23:18"
21111900JK000L3I,"2021-12-20 10:23:26"
2111190NKK000L3I,"2021-12-20 10:23:33"
2111190TUI00001I,"2021-12-20 10:28:29"
21111900AM001P2I,"2021-12-20 10:29:00"
21111900TS000L3I,"2021-12-20 10:29:08"
21111900TS000L3I,"2021-12-20 10:29:09"
21111900JK00XL9I,"2021-12-20 10:29:16"
2111190NKK000L3I,"2021-12-20 10:29:22"
2111190TUI00001I,"2021-12-20 10:33:42"
21111900AM001P2I,"2021-12-20 10:34:10"
21111900TS03XL2I,"2021-12-20 10:34:15"
21111900TS03XL2I,"2021-12-20 10:34:16"
21111900JK03XL4I,"2021-12-20 10:34:22"
2111190NKK000L3I,"2021-12-20 10:34:28"
2111190TUI00001I,"2021-12-20 10:48:35"
21111900AM001P2I,"2021-12-20 10:49:46"
21111900TS00XL4I,"2021-12-20 10:49:52"
21111900TS00XL4I,"2021-12-20 10:49:53"
21111900JK00XL9I,"2021-12-20 10:49:58"
2111190NKK000L1I,"2021-12-20 10:50:04"
2111190TUI00001I,"2021-12-20 10:55:55"
21111900AM001P2I,"2021-12-20 10:56:33"
21111900TS000L3I,"2021-12-20 10:56:38"
21111900TS000L3I,"2021-12-20 10:56:39"
21111900JK000L3I,"2021-12-20 10:56:43"
2111190NKK000L1I,"2021-12-20 10:56:52"
2111190TUI00001I,"2021-12-20 11:06:09"
21111900AM001P2I,"2021-12-20 11:06:37"
21111900TS000L3I,"2021-12-20 11:06:42"
21111900TS000L3I,"2021-12-20 11:06:43"
21111900JK000L3I,"2021-12-20 11:06:47"
2111190NKK000L1I,"2021-12-20 11:06:59"
2111190TUI00001I,"2021-12-20 11:11:02"
21111900AM001P2I,"2021-12-20 11:11:38"
21111900TS000L3I,"2021-12-20 11:11:45"
21111900TS000L3I,"2021-12-20 11:11:46"
21111900JK000L3I,"2021-12-20 11:11:52"
2111190NKK000L1I,"2021-12-20 11:11:58"
2111190TUI00001I,"2021-12-20 11:16:49"
21111900AM001P2I,"2021-12-20 11:17:23"
21111900TS000L3I,"2021-12-20 11:17:28"
21111900TS000L3I,"2021-12-20 11:17:29"
21111900JK00XL9I,"2021-12-20 11:17:34"
2111190NKK000L1I,"2021-12-20 11:17:39"
2111190TUI00001I,"2021-12-20 11:22:52"
21111900AM001P2I,"2021-12-20 11:23:24"
21111900TS03XL2I,"2021-12-20 11:23:32"
21111900TS03XL2I,"2021-12-20 11:23:33"
21111900JK03XL4I,"2021-12-20 11:23:38"
2111190NKK000L1I,"2021-12-20 11:23:45"
2111190TUI00001I,"2021-12-20 11:40:42"
21111900AM001P2I,"2021-12-20 11:41:20"
21111900TS000L3I,"2021-12-20 11:41:26"
21111900TS000L3I,"2021-12-20 11:41:27"
21111900JK000L3I,"2021-12-20 11:41:34"
2111190NKK000L1I,"2021-12-20 11:41:41"
2111190TUI00001I,"2021-12-20 13:09:36"
21111900AM001P2I,"2021-12-20 13:10:00"
21111900TS000L3I,"2021-12-20 13:10:05"
21111900TS000L3I,"2021-12-20 13:10:06"
21111900JK000L3I,"2021-12-20 13:10:13"
2111190NKK000L1I,"2021-12-20 13:10:17"
2111190TUI00001I,"2021-12-20 13:25:10"
21111900AM001P2I,"2021-12-20 13:25:42"
21111900TS00XL4I,"2021-12-20 13:25:54"
21111900TS00XL4I,"2021-12-20 13:25:54"
21111900JK00XL9I,"2021-12-20 13:26:00"
2111190NKK000L1I,"2021-12-20 13:26:05"
2111190TUI00001I,"2021-12-20 13:39:25"
2112200NKK000M1I,"2021-12-20 13:40:19"
21111900AM001P2I,"2021-12-20 13:56:24"
21111900TS000M2I,"2021-12-20 13:58:42"
21111900TS000M2I,"2021-12-20 13:58:43"
21111900JK000M13I,"2021-12-20 13:58:50"
2111190TUI00001I,"2021-12-20 14:03:42"
21111900AM001P2I,"2021-12-20 14:04:27"
21111900TS000M2I,"2021-12-20 14:04:32"
21111900TS000M2I,"2021-12-20 14:04:34"
21111900JK000L3I,"2021-12-20 14:04:40"
2112200NKK000M1I,"2021-12-20 14:08:07"
2111190TUI00001I,"2021-12-20 14:08:59"
21111900AM001P2I,"2021-12-20 14:10:10"
21111900TS000M2I,"2021-12-20 14:12:05"
21111900TS000M2I,"2021-12-20 14:12:06"
21111900JK000M13I,"2021-12-20 14:12:16"
2112200NKK000M1I,"2021-12-20 14:15:28"
2111190TUI00001I,"2021-12-20 14:15:32"
21111900AM001P2I,"2021-12-20 14:15:58"
21111900TS00XL4I,"2021-12-20 14:16:05"
21111900TS00XL4I,"2021-12-20 14:16:06"
21111900JK00XL9I,"2021-12-20 14:16:10"
2112200NKK000M1I,"2021-12-20 14:22:32"
2111190TUI00001I,"2021-12-20 14:22:44"
21111900AM001P2I,"2021-12-20 14:23:18"
21111900TS000M2I,"2021-12-20 14:23:21"
21111900TS000M2I,"2021-12-20 14:23:22"
21111900JK000L3I,"2021-12-20 14:23:26"
2112200NKK000M1I,"2021-12-20 14:25:57"
2111190TUI00001I,"2021-12-20 14:47:07"
21111900AM001P2I,"2021-12-20 14:27:59"
2111190NKK000L1I,"2021-12-20 14:48:09"
21111900TS000L3I,"2021-12-20 14:48:40"
21111900TS000L3I,"2021-12-20 14:47:39"
21111900JK000L3I,"2021-12-20 14:47:39"
2111190TUI00001I,"2021-12-20 15:12:05"
21111900AM001P2I,"2021-12-20 15:13:14"
21111900TS03XL2I,"2021-12-20 15:13:19"
21111900TS03XL2I,"2021-12-20 15:13:20"
21111900JK03XL4I,"2021-12-20 15:13:23"
2111190NKK000L1I,"2021-12-20 15:13:28"
21111900JK000L3I,"2021-12-20 15:28:43"
21111900KT00001I,"2021-12-20 15:30:42"
21111900KT00001I,"2021-12-20 15:30:43"
21111900KT00001I,"2021-12-20 15:30:44"
21111900KT00001I,"2021-12-20 15:30:45"
211119000N034L2I,"2021-12-20 15:34:24"
21111900TS000L3I,"2021-12-20 15:34:56"
2111190KDT00001I,"2021-12-20 15:34:58"
2111190KDT00001I,"2021-12-20 15:38:03"
211119TRUM000M2I,"2021-12-20 15:38:09"
21111900JK03XL4I,"2021-12-20 15:38:13"
211119000N034L2I,"2021-12-20 15:41:01"
21111900JK000L3I,"2021-12-20 15:41:40"
2111190NKK000L1I,"2021-12-20 15:45:36"
21111900KT00001I,"2021-12-20 15:58:30"
21111900KT00001I,"2021-12-20 15:58:32"
21111900KT00001I,"2021-12-20 15:58:33"
21111900KT00001I,"2021-12-20 15:58:34"
21111900AM001P2I,"2021-12-20 16:01:41"
21111900AM001P2I,"2021-12-20 16:01:42"
21111900TS02XL1I,"2021-12-20 16:04:31"
21111900TS02XL1I,"2021-12-20 16:04:31"
21111900JK03XL4I,"2021-12-20 16:06:23"
2111190KDT00001I,"2021-12-20 16:10:03"
211119TRUM000M2I,"2021-12-20 16:10:05"
21111900AM002P1I,"2021-12-20 16:11:58"
21111900TS000M2I,"2021-12-20 16:15:32"
21111900TS000M2I,"2021-12-20 16:15:32"
21111900TS000L3I,"2021-12-20 16:16:59"
21111900TS000L3I,"2021-12-20 16:16:59"
21111900TS000L3I,"2021-12-20 16:18:46"
21111900JK000L3I,"2021-12-20 16:18:47"
21111900AM001P2I,"2021-12-20 16:20:28"
2111190NKK00XL4I,"2021-12-20 16:20:33"
21111900JK000M13I,"2021-12-20 16:23:48"
211119TRUM000M2I,"2021-12-20 16:23:50"
21111900JK00XL9I,"2021-12-20 16:25:28"
21111900AM002P1I,"2021-12-20 16:52:57"
2111190CDM00XL2I,"2021-12-20 16:53:56"
211119000N034L2I,"2021-12-20 16:30:22"
211119TRUM000M2I,"2021-12-20 16:33:24"
21111900AM002P1I,"2021-12-20 16:33:27"
2111190CDM000L2I,"2021-12-20 16:35:48"
2111190TUI00001I,"2021-12-20 16:36:35"
2111190KDT00001I,"2021-12-20 16:36:36"
21111900JK000L3I,"2021-12-20 16:39:28"
21111900AM01PW1I,"2021-12-20 16:42:18"
211119TRUM000M2I,"2021-12-20 16:40:40"
21111900KT00001I,"2021-12-20 16:42:36"
21111900KT00001I,"2021-12-20 16:42:38"
21111900KT00001I,"2021-12-20 16:42:39"
21111900KT00001I,"2021-12-20 16:42:41"
21111900JK000M13I,"2021-12-20 16:45:51"
2111190TUI00001I,"2021-12-20 16:45:56"
2112200NKK000M1I,"2021-12-20 16:45:56"
2111190TUI00001I,"2021-12-21 13:13:41"
21111900AM001P2I,"2021-12-21 13:13:41"
2112200NKK000M1I,"2021-12-21 13:14:03"
21111900TS000L3I,"2021-12-21 13:14:03"
21111900TS000L3I,"2021-12-21 13:14:03"
21111900JK000L3I,"2021-12-21 13:14:03"
2111190TUI00001I,"2021-12-21 13:22:01"
21111900AM001P2I,"2021-12-21 13:22:23"
21111900TS000M4I,"2021-12-21 13:22:30"
21111900TS000M4I,"2021-12-21 13:22:31"
21111900JK000L3I,"2021-12-21 13:22:36"
2112200NKK000M1I,"2021-12-21 13:22:43"
2111190TUI00001I,"2021-12-21 13:29:45"
21111900AM001P2I,"2021-12-21 13:29:45"
21111900TS03XL2I,"2021-12-21 13:29:58"
21111900TS03XL2I,"2021-12-21 13:29:59"
21111900JK03XL4I,"2021-12-21 13:30:05"
2111190NKK000L1I,"2021-12-21 13:30:28"
2111190TUI00001I,"2021-12-21 13:36:44"
21111900AM001P2I,"2021-12-21 13:37:07"
21111900TS000M4I,"2021-12-21 13:37:11"
21111900TS000M4I,"2021-12-21 13:37:12"
21111900JK000M13I,"2021-12-21 13:37:16"
2112200NKK000M1I,"2021-12-21 13:37:21"
2111190TUI00001I,"2021-12-21 14:04:15"
21111900AM001P2I,"2021-12-21 14:04:44"
21111900TS00XL4I,"2021-12-21 14:04:50"
21111900TS00XL4I,"2021-12-21 14:04:51"
21111900JK00XL9I,"2021-12-21 14:04:56"
2111190NKK000L1I,"2021-12-21 14:05:02"
2111190TUI00001I,"2021-12-21 14:09:52"
21111900AM001P2I,"2021-12-21 14:10:24"
21111900TS000L3I,"2021-12-21 14:10:30"
21111900TS000L3I,"2021-12-21 14:10:31"
21111900JK000L3I,"2021-12-21 14:10:37"
2111190NKK000L1I,"2021-12-21 14:10:41"
2111190TUI00001I,"2021-12-21 14:18:03"
21111900AM001P2I,"2021-12-21 14:18:30"
21111900TS000M4I,"2021-12-21 14:18:35"
21111900TS000M4I,"2021-12-21 14:18:37"
21111900JK000M13I,"2021-12-21 14:18:41"
2112200NKK000M1I,"2021-12-21 14:18:46"
21111900KT00001I,"2021-12-21 14:34:07"
21111900KT00001I,"2021-12-21 14:34:08"
21111900KT00001I,"2021-12-21 14:34:10"
21111900KT00001I,"2021-12-21 14:34:11"
21111900TS000L3I,"2021-12-21 14:34:13"
2111190TUI00001I,"2021-12-22 13:56:28"
21111900AM001P2I,"2021-12-22 13:57:14"
21111900TS02XL1I,"2021-12-22 13:57:26"
21111900TS02XL1I,"2021-12-22 13:57:27"
21111900JK02XL1I,"2021-12-22 13:57:31"
2111190NKK000L1I,"2021-12-22 13:57:36"
2111190TUI00001I,"2021-12-22 14:03:00"
21111900AM001P2I,"2021-12-22 14:03:03"
21111900TS03XL2I,"2021-12-22 14:03:08"
21111900TS03XL2I,"2021-12-22 14:03:09"
21111900JK03XL4I,"2021-12-22 14:03:17"
2111190NKK000L1I,"2021-12-22 14:03:24"
2111190TUI00001I,"2021-12-22 14:17:40"
21111900AM001P2I,"2021-12-22 14:18:18"
21111900TS00XL4I,"2021-12-22 14:18:24"
21111900TS00XL4I,"2021-12-22 14:18:26"
21111900JK02XL1I,"2021-12-22 14:18:32"
2111190NKK000L1I,"2021-12-22 14:18:41"
2111190TUI00001I,"2021-12-22 14:20:59"
21111900JK000L3I,"2021-12-22 14:29:29"
21111900KT00002I,"2021-12-22 14:31:51"
21111900KT00002I,"2021-12-22 14:31:51"
21111900KT00002I,"2021-12-22 14:31:51"
21111900KT00002I,"2021-12-22 14:31:51"
21111900KT00002I,"2021-12-22 14:31:51"
21111900KT00002I,"2021-12-22 14:31:51"
21111900KT00002I,"2021-12-22 14:31:51"
21111900KT00002I,"2021-12-22 14:31:51"
21111900TS03XL2I,"2021-12-22 14:33:57"
21111900AM002P1I,"2021-12-22 14:36:49"
211119TRUM000M2I,"2021-12-22 14:36:53"
2111190TUI00001I,"2021-12-22 14:40:53"
2111190TUI00001I,"2021-12-23 13:10:08"
21111900JK00XL9I,"2021-12-23 13:12:06"
211119TRUM000M2I,"2021-12-23 13:13:40"
2111190NKK000M3I,"2021-12-23 13:13:44"
2111190NCK000L1I,"2021-12-23 13:19:03"
21111900KT00002I,"2021-12-23 13:25:05"
21111900KT00002I,"2021-12-23 13:25:07"
21111900KT00002I,"2021-12-23 13:28:11"
21111900KT00002I,"2021-12-23 13:28:13"
2111190TUI00001I,"2021-12-27 15:00:19"
21111900TS02XL1I,"2021-12-27 15:02:08"
21111900TS02XL1I,"2021-12-27 15:02:08"
21111900JK02XL1I,"2021-12-27 15:02:13"
2111190NKK000L1I,"2021-12-27 15:02:18"
21111900AM001P2I,"2021-12-27 15:06:17"
2111190TUI00001I,"2021-12-27 15:06:42"
21111900AM001P2I,"2021-12-27 15:08:12"
21111900TS000L3I,"2021-12-27 15:13:36"
21111900TS000L3I,"2021-12-27 15:13:36"
21111900JK00XL9I,"2021-12-27 15:13:36"
2111190NKK000L1I,"2021-12-27 15:13:50"
2111190TUI00001I,"2021-12-27 15:16:10"
2111190TUI00001I,"2021-12-27 15:18:06"
211119TRUM000M2I,"2021-12-27 15:23:56"
21111900AM002P1I,"2021-12-27 15:25:42"
211119TRUM000M2I,"2021-12-27 15:25:46"
21111900JK000M13I,"2021-12-27 15:28:03"
21111900JK000M13I,"2021-12-27 15:28:04"
21111900AM002P1I,"2021-12-27 15:31:58"
2111190NCK000L1I,"2021-12-27 15:35:18"
21111900JK000M13I,"2021-12-27 15:35:20"
2111190NCK00XL3I,"2021-12-27 16:11:50"
2111190TUI00001I,"2021-12-28 09:16:05"
21111900TS000L3I,"2021-12-28 09:16:36"
21111900TS000L3I,"2021-12-28 09:16:38"
21111900JK000L3I,"2021-12-28 09:16:44"
2112200NKK000M1I,"2021-12-28 09:16:49"
21111900AM001P2I,"2021-12-28 09:59:22"
2111190NKK000L1I,"2021-12-28 13:24:56"
21111900JK000M13I,"2021-12-28 13:25:17"
2111190TUI00001I,"2021-12-28 13:25:54"
211119000N34XL1I,"2021-12-28 13:27:09"
211119TRUM000M2I,"2021-12-28 13:30:25"
21111900KT00002I,"2021-12-28 13:30:28"
21111900KT00002I,"2021-12-28 13:30:29"
21111900KT00002I,"2021-12-28 13:30:30"
21111900KT00002I,"2021-12-28 13:30:33"
21111900AM002P1I,"2021-12-28 13:59:00"
21111900JK02XL1I,"2021-12-28 13:59:13"
2112200NKK000M1I,"2021-12-28 13:59:20"
211119TRUM000M2I,"2021-12-28 14:10:54"
21111900AM002P1I,"2021-12-28 14:11:12"
211119TRUM000M2I,"2021-12-28 14:11:35"
211119TRUM000M2I,"2021-12-28 14:11:38"
211119TRUM000M2I,"2021-12-28 14:35:31"
211119TRUM000M2I,"2021-12-28 14:35:34"
2112200NKK000M1I,"2021-12-28 14:53:10"
2111190TUI00001I,"2021-12-29 13:24:00"
2111190NKK000L1I,"2021-12-29 13:24:06"
21111900TS03XL2I,"2021-12-29 13:24:23"
21111900TS03XL2I,"2021-12-29 13:24:23"
21111900JK03XL4I,"2021-12-29 13:24:29"
21111900AM001P2I,"2021-12-29 13:24:59"
21111900JK000M13I,"2021-12-29 13:40:46"
21111900AM01PW1I,"2021-12-29 14:57:27"
21111900TS000L3I,"2021-12-29 13:40:49"
21111900TS000L3I,"2021-12-29 13:40:52"
21111900TS000L3I,"2021-12-29 13:46:45"
21111900TS000L3I,"2021-12-29 13:46:46"
21111900JK03XL4I,"2021-12-29 13:48:59"
21111900TS03XL2I,"2021-12-29 13:50:43"
21111900TS03XL2I,"2021-12-29 13:50:43"
21111900TS02XL1I,"2021-12-29 15:03:07"
21111900KT00002I,"2021-12-29 13:54:46"
21111900KT00002I,"2021-12-29 13:54:48"
21111900KT00002I,"2021-12-29 13:54:49"
21111900KT00002I,"2021-12-29 13:54:50"
2111190TUI00001I,"2021-12-29 14:08:20"
2111190TUI00001I,"2021-12-29 14:08:21"
2111190NCK00XL3I,"2021-12-30 10:55:14"
2111190TUI00001I,"2021-12-30 11:40:27"
21111900AM001P2I,"2021-12-30 11:40:32"
2111190TUI00001I,"2021-12-30 11:21:06"
2112200NKK000M1I,"2021-12-30 11:21:12"
21111900JK00XL9I,"2021-12-30 11:21:19"
21111900TS00XL4I,"2021-12-30 11:21:23"
21111900TS00XL4I,"2021-12-30 11:21:24"
21111900AM001P2I,"2021-12-30 11:21:44"
2111190TUI00001I,"2021-12-30 11:27:05"
2111190NKK000L1I,"2021-12-30 11:27:08"
21111900TS000L3I,"2021-12-30 11:27:17"
21111900TS000L3I,"2021-12-30 11:27:20"
21111900AM001P2I,"2021-12-30 11:39:05"
21111900JK000L3I,"2021-12-30 11:27:23"
2111190TUI00001I,"2021-12-30 11:34:26"
21111900JK03XL4I,"2021-12-30 11:34:29"
21111900TS02XL1I,"2021-12-30 11:34:32"
21111900TS02XL1I,"2021-12-30 11:34:33"
21111900AM001P2I,"2021-12-30 11:34:37"
2111190NKK000L1I,"2021-12-30 11:34:41"
2111190TUI00001I,"2021-12-30 11:34:41"
21111900AM001P2I,"2021-12-30 11:34:41"
2111190NKK000L1I,"2021-12-30 11:34:41"
21111900TS000L3I,"2021-12-30 11:34:41"
21111900TS000L3I,"2021-12-30 11:34:41"
21111900JK000L3I,"2021-12-30 11:34:41"
2111190TUI00001I,"2021-12-31 13:42:47"
2111190NKK000L1I,"2021-12-31 13:42:53"
21111900TS02XL1I,"2021-12-31 13:43:04"
21111900TS02XL1I,"2021-12-31 13:43:05"
21111900JK03XL4I,"2021-12-31 13:43:11"
21111900AM001P2I,"2021-12-31 13:43:30"
21111900JK000L3I,"2021-12-31 13:51:56"
21111900JK02XL1I,"2021-12-31 13:56:59"
21111900JK02XL1I,"2021-12-31 13:57:01"
211119TRUM000M2I,"2021-12-31 14:03:58"
2111190TUI00001I,"2021-12-31 14:04:36"
21111900JK03XL4I,"2022-01-04 13:25:48"
2111190TUI00001I,"2022-01-04 13:34:53"
2111190TUI00001I,"2022-01-04 13:34:54"
2111190TUI00001I,"2022-01-04 13:34:56"
2111190TUI00001I,"2022-01-04 13:35:14"
2111190NCK000L1I,"2022-01-04 13:35:23"
211119TRUM000M2I,"2022-01-04 13:36:10"
211119000N34XL1I,"2022-01-04 13:36:52"
21111900AM001P2I,"2022-01-05 17:25:56"
2111190TUI00001I,"2022-01-05 17:25:56"
21111900JK03XL4I,"2022-01-05 17:25:56"
21111900TS000L3I,"2022-01-05 17:26:10"
21111900TS000L3I,"2022-01-05 17:26:10"
2111190NKK00XL4I,"2022-01-05 17:26:56"
21111900JK000M13I,"2022-01-05 17:28:15"
2111190TUI00001I,"2022-01-05 17:28:15"
2112200NKK000M1I,"2022-01-05 17:28:15"
21111900AM001P2I,"2022-01-05 17:28:15"
21111900TS000M4I,"2022-01-05 17:28:49"
21111900TS000M4I,"2022-01-05 17:28:50"
2111190NKK00XL4I,"2022-01-05 17:29:04"
21111900TS000L3I,"2022-01-05 17:29:04"
2111190TUI00001I,"2022-01-05 17:29:20"
21111900TS000M4I,"2022-01-06 09:22:30"
21111900TS000M4I,"2022-01-06 09:22:32"
211119000N34XL1I,"2022-01-06 09:22:58"
2111190NCK000L1I,"2022-01-05 17:28:15"
2111190TUI00001I,"2022-01-07 09:41:23"
21111900TS02XL1I,"2022-01-07 09:41:54"
21111900TS02XL1I,"2022-01-07 09:41:59"
21111900JK000L1I,"2022-01-07 09:42:02"
2111190NKK000L1I,"2022-01-07 09:42:09"
21111900AM001P2I,"2022-01-07 09:46:08"
21111900AM01PW1I,"2022-01-07 09:50:20"
2111190TUI00001I,"2022-01-07 09:51:23"
21111900TS00XL4I,"2022-01-07 09:51:55"
21111900TS00XL4I,"2022-01-07 09:51:58"
21111900JK00XL9I,"2022-01-07 09:52:02"
2111190NKK000L1I,"2022-01-07 09:52:07"
2111190TUI00001I,"2022-01-07 10:01:14"
21111900AM001P2I,"2022-01-07 10:01:42"
21111900TS000L3I,"2022-01-07 10:01:54"
21111900TS000L3I,"2022-01-07 10:01:55"
21111900JK000L1I,"2022-01-07 10:02:00"
2111190NKK00XL4I,"2022-01-07 10:02:05"
2111190TUI00001I,"2022-01-07 10:09:32"
21111900AM01PW1I,"2022-01-07 10:09:40"
21111900TS00XL4I,"2022-01-07 10:10:11"
21111900TS00XL4I,"2022-01-07 10:10:15"
21111900JK00XL9I,"2022-01-07 10:10:19"
2111190NKK00XL4I,"2022-01-07 10:10:24"
2111190TUI00001I,"2022-01-07 10:17:18"
21111900AM001P2I,"2022-01-07 10:17:29"
21111900JK00XL11I,"2022-01-07 10:17:47"
21111900TS00XL4I,"2022-01-07 10:17:55"
21111900TS00XL4I,"2022-01-07 10:17:59"
2111190NKK000L1I,"2022-01-07 10:18:07"
21111900TS000M4I,"2022-01-07 10:22:05"
21111900AM002P1I,"2022-01-07 10:24:00"
2111190TUI00001I,"2022-01-07 10:24:03"
21111900KT00002I,"2022-01-10 10:35:21"
21111900KT00002I,"2022-01-10 10:35:23"
21111900KT00002I,"2022-01-10 10:35:24"
21111900KT00002I,"2022-01-10 10:35:24"
2111190TUI00001I,"2022-01-10 10:37:55"
21111900TS00XL4I,"2022-01-10 10:38:12"
21111900TS00XL4I,"2022-01-10 10:38:13"
2112200NKK000M1I,"2022-01-10 10:38:41"
21111900JK000L1I,"2022-01-10 10:44:13"
21111900TS000L3I,"2022-01-10 10:40:50"
21111900TS000L3I,"2022-01-10 10:40:51"
2111190NKK000L1I,"2022-01-10 10:40:56"
2112200NKK000M1I,"2022-01-10 10:41:14"
21111900TS000L3I,"2022-01-10 10:41:25"
21111900TS000L3I,"2022-01-10 10:41:27"
211119000N34XL1I,"2022-01-10 10:42:45"
211119TRUM000M2I,"2022-01-10 11:18:10"
2111190TUI00001I,"2022-01-10 13:07:29"
2111190NKK000L2I,"2022-01-10 13:07:34"
21111900JK03XL4I,"2022-01-10 13:07:40"
21111900TS03XL2I,"2022-01-10 13:07:42"
21111900TS03XL2I,"2022-01-10 13:07:44"
21111900AM001P2I,"2022-01-10 13:08:18"
2111190TUI00001I,"2022-01-11 13:14:27"
21111900TS02XL1I,"2022-01-11 13:15:02"
21111900TS02XL1I,"2022-01-11 13:15:14"
21111900JK02XL1I,"2022-01-11 13:15:22"
2111190NKK00XL4I,"2022-01-11 13:15:27"
21111900AM001P2I,"2022-01-11 13:20:24"
2111190TUI00001I,"2022-01-11 13:22:05"
21111900AM001P2I,"2022-01-11 13:20:27"
21111900TS00XL4I,"2022-01-11 13:22:35"
21111900TS00XL4I,"2022-01-11 13:22:37"
21111900JK02XL1I,"2022-01-11 13:22:42"
2112200NKK000M1I,"2022-01-11 13:22:49"
21111900JK02XL1I,"2022-01-11 13:25:59"
21111900TS000L3I,"2022-01-11 13:28:03"
21111900TS000L3I,"2022-01-11 13:28:04"
211119TRUM000M2I,"2022-01-11 13:30:38"
21111900TS02XL1I,"2022-01-11 13:32:50"
21111900AM002P1I,"2022-01-11 13:39:28"
21111900TS000M4I,"2022-01-12 13:08:20"
21111900TS000M4I,"2022-01-12 13:08:20"
21111900JK000L1I,"2022-01-12 13:08:25"
2111190NKK000L2I,"2022-01-12 13:08:31"
21111900AM001P2I,"2022-01-12 13:16:36"
2111190NKK000L2I,"2022-01-12 13:13:26"
2112200NKK000M1I,"2022-01-12 13:13:32"
211119000N34XL1I,"2022-01-12 13:27:41"
21111900JK000L1I,"2022-01-12 13:14:26"
21111900AM002P1I,"2022-01-12 13:16:27"
211119000N034L2I,"2022-01-12 13:15:39"
21111900JK000L1I,"2022-01-12 13:15:55"
211119000N034L2I,"2022-01-12 13:27:44"
21111900TS000L3I,"2022-01-13 11:26:47"
21111900TS000L3I,"2022-01-13 11:26:49"
2111190NKK000L2I,"2022-01-13 11:27:03"
2111190NCK000L1I,"2022-01-13 11:28:16"
21111900KT00002I,"2022-01-14 13:49:29"
21111900KT00002I,"2022-01-14 13:49:29"
21111900KT00002I,"2022-01-14 13:49:31"
21111900KT00002I,"2022-01-14 13:49:32"
2111190NCK000L1I,"2022-01-17 11:21:19"
2111190NCK000L1I,"2022-01-17 11:21:26"
21111900AM002P1I,"2022-01-17 11:22:12"
21111900AM002P1I,"2022-01-17 11:22:13"
21111900AM001P2I,"2022-01-17 11:22:25"
211129TRUM000M1I,"2022-01-17 11:22:39"
2111190NKK00XL3I,"2022-01-17 11:24:37"
2111190TUI00001I,"2022-01-17 11:24:43"
21111900JK00XL11I,"2022-01-17 11:24:51"
21111900TS00XL4I,"2022-01-17 11:24:58"
21111900TS00XL4I,"2022-01-17 11:24:59"
21111900AM001P2I,"2022-01-17 11:25:06"
2111190TUI00001I,"2022-01-17 16:15:28"
21111900AM001P2I,"2022-01-17 16:15:35"
2112200NKK000M1I,"2022-01-17 16:15:47"
21111900TS00XL4I,"2022-01-17 16:16:05"
21111900TS00XL4I,"2022-01-17 16:16:05"
21111900JK02XL1I,"2022-01-17 16:16:15"
2111190TUI00001I,"2022-01-18 13:31:38"
2111190NKK000L2I,"2022-01-18 13:31:44"
21111900JK000L1I,"2022-01-18 13:31:51"
21111900TS000L3I,"2022-01-18 13:31:55"
21111900TS000L3I,"2022-01-18 13:31:56"
2111190NCK000L1I,"2022-01-18 13:32:24"
2111190TUI00001I,"2022-01-18 13:32:30"
21111900AM001P2I,"2022-01-18 13:32:47"
21111900AM002P1I,"2022-01-18 13:33:04"
21111900AM002P1I,"2022-01-18 13:33:09"
21111900AM002P1I,"2022-01-18 13:53:24"
2111190CDM000L2I,"2022-01-18 13:54:28"
2111190NKK000L2I,"2022-01-19 13:16:30"
21111900KT00002I,"2022-01-19 13:16:55"
21111900KT00002I,"2022-01-19 13:17:12"
21111900KT00002I,"2022-01-19 13:17:12"
21111900KT00002I,"2022-01-19 13:17:12"
21111900KT00002I,"2022-01-19 13:17:12"
21111900KT00002I,"2022-01-19 13:17:12"
21111900KT00002I,"2022-01-19 13:17:12"
21111900KT00002I,"2022-01-19 13:17:18"
21111900JK00XL11I,"2022-01-19 13:17:40"
2111190NKK00XL3I,"2022-01-19 13:17:57"
21111900AM002P1I,"2022-01-19 13:29:07"
21111900TS00XL4I,"2022-01-20 13:12:42"
21111900JK00XL11I,"2022-01-20 13:12:48"
21111900TS000L3I,"2022-01-20 13:12:57"
21111900TS000L3I,"2022-01-20 13:12:58"
2111190TUI00001I,"2022-01-20 13:13:08"
2111190TUI00001I,"2022-01-20 13:13:10"
2111190TUI00001I,"2022-01-20 13:13:11"
211119000N34XL1I,"2022-01-20 13:13:25"
2112200NKK000M1I,"2022-01-20 13:13:55"
21111900AM001P2I,"2022-01-20 13:14:51"
2111190TUI00001I,"2022-01-21 14:44:07"
2111190NKK000L2I,"2022-01-21 14:44:23"
21111900TS03XL2I,"2022-01-21 14:45:14"
211129TRUM000M12I,"2022-01-21 14:45:34"
211129TRUM000M12I,"2022-01-21 14:45:35"
2111190TUI00001I,"2022-01-21 14:45:40"
211129TRUM000M12I,"2022-01-21 14:45:36"
2111190TUI00001I,"2022-01-21 14:45:41"
2111190TUI00001I,"2022-01-21 14:45:42"
2111190TUI00001I,"2022-01-24 10:35:25"
21111900TS000L3I,"2022-01-24 10:36:09"
21111900TS000L3I,"2022-01-24 10:36:10"
21111900JK00XL11I,"2022-01-24 10:36:36"
21111900AM01PW2I,"2022-01-24 10:37:00"
2111190NKK000L2I,"2022-01-24 10:37:10"
2111190TUI00001I,"2022-01-24 10:37:34"
2111190NKK000L2I,"2022-01-24 10:37:45"
21111900AM01PW2I,"2022-01-24 10:37:51"
21111900TS000L3I,"2022-01-24 10:37:53"
21111900TS000L3I,"2022-01-24 10:37:55"
21111900JK000L1I,"2022-01-24 10:38:29"
2111190TUI00001I,"2022-01-24 10:38:33"
21111900AM01PW2I,"2022-01-24 10:38:43"
2111190NKK000L2I,"2022-01-24 10:38:46"
21111900JK000L1I,"2022-01-24 10:38:58"
21111900TS000M4I,"2022-01-24 10:39:14"
21111900TS000M4I,"2022-01-24 10:39:15"
2111190TUI00001I,"2022-01-24 11:19:25"
211129TRUM000M12I,"2022-01-24 11:19:32"
211129TRUM000M12I,"2022-01-24 11:19:45"
21111900AM002P1I,"2022-01-24 11:19:58"
2111190TUI00001I,"2022-01-24 11:22:10"
21111900TS000L3I,"2022-01-24 11:22:13"
21111900TS000L3I,"2022-01-24 11:22:15"
2111190NCK000L1I,"2022-01-24 11:22:45"
2111190TUI00001I,"2022-01-24 11:23:12"
211119000N034L2I,"2022-01-24 11:23:55"
21111900JK000L1I,"2022-01-24 11:24:10"
2111190NKK00XL3I,"2022-01-24 11:25:10"
2111190NKK00XL3I,"2022-01-24 11:25:10"
2111190NKK00XL3I,"2022-01-24 11:25:10"
2111190NKK00XL3I,"2022-01-24 11:25:10"
21111900JK000M13I,"2022-01-24 11:48:35"
21111900JK000L1I,"2022-01-24 11:48:44"
2111190TUI00001I,"2022-01-24 11:48:51"
2112200NKK000M1I,"2022-01-24 11:49:22"
2111190KDT00001I,"2022-01-24 11:49:37"
2112200NKK000M1I,"2022-01-24 11:49:37"
2111190TUI00001I,"2022-02-07 09:55:45"
2111190NKK000L2I,"2022-02-07 09:56:33"
21111900AM001P2I,"2022-02-07 09:57:25"
21111900JK000L3I,"2022-02-07 10:00:41"
21111900TS000L3I,"2022-02-07 10:00:35"
21111900TS000L3I,"2022-02-07 10:00:35"
2111190NKK000L2I,"2022-02-07 10:02:53"
2111190KDT00001I,"2022-02-07 10:02:57"
21111900KT00002I,"2022-02-07 10:03:01"
21111900KT00002I,"2022-02-07 10:03:02"
21111900KT00002I,"2022-02-07 10:03:03"
21111900KT00002I,"2022-02-07 10:03:04"
21111900JK000M13I,"2022-02-07 10:03:20"
211129TRUM000M1I,"2022-02-07 10:04:16"
211119000N34XL1I,"2022-02-07 10:06:07"
21111900KT00002I,"2022-02-07 10:06:15"
21111900KT00002I,"2022-02-07 10:06:16"
21111900KT00002I,"2022-02-07 10:06:16"
21111900KT00002I,"2022-02-07 10:06:17"
2111190TUI00001I,"2022-02-07 10:06:26"
2111190TUI00001I,"2022-02-07 10:06:34"
21111900KT00002I,"2022-02-07 10:43:48"
21111900KT00002I,"2022-02-07 10:43:48"
21111900KT00002I,"2022-02-07 10:43:48"
21111900KT00002I,"2022-02-07 10:43:49"
2111190TUI00001I,"2022-02-07 10:43:59"
21111900JK03XL4I,"2022-02-07 10:44:50"
21111900TS03XL2I,"2022-02-07 10:45:01"
21111900TS03XL2I,"2022-02-07 10:45:01"
211129TRUM000M12I,"2022-02-07 10:45:10"
2111190TUI00001I,"2022-02-08 13:32:44"
2111190NCK000L1I,"2022-02-08 13:33:28"
2111190TUI00001I,"2022-02-08 13:33:47"
2111190KDT00001I,"2022-02-08 13:34:17"
211129TRUM000M12I,"2022-02-08 13:34:22"
21111900AM002P1I,"2022-02-08 13:35:33"
21111900TS02XL1I,"2022-02-08 13:35:52"
21111900TS02XL1I,"2022-02-08 13:35:53"
21111900AM002P1I,"2022-02-08 13:36:13"
211129TRUM000M12I,"2022-02-08 13:36:16"
2111190TUI00001I,"2022-02-08 13:36:31"
2111190TUI00001I,"2022-02-08 13:37:50"
21111900JK000L1I,"2022-02-08 13:38:02"
21111900TS000L3I,"2022-02-08 13:38:24"
21111900TS000L3I,"2022-02-08 13:38:25"
21111900TS000L3I,"2022-02-08 13:38:35"
21111900TS000L3I,"2022-02-08 13:38:36"
21111900AM002P1I,"2022-02-08 13:39:35"
2111190NCK000L1I,"2022-02-08 13:39:40"
